-- Phase D1: HOSHISUMI demo seed (idempotent)
-- Purpose: business demo / UAT with complete storefront + lead inbox storyline.
-- Isolation: all demo data lives in one demo organization (organizations.is_demo = true).

begin;

insert into public.organizations (
  id,
  name,
  plan_type,
  is_demo,
  created_at
)
values (
  '7d000000-0000-4000-8000-000000000001',
  'HOSHISUMI Demo Organization',
  'pro',
  true,
  now() - interval '30 days'
)
on conflict (id) do update
set
  name = excluded.name,
  plan_type = excluded.plan_type,
  is_demo = true;

insert into public.stores (
  id,
  organization_id,
  name,
  slug,
  city,
  district,
  service_area_text,
  tagline,
  introduction,
  phone,
  email,
  address,
  line_url,
  business_hours,
  logo_url,
  cover_image_url,
  is_active,
  theme_key,
  theme_overrides
)
values (
  '7d100000-0000-4000-8000-000000000001',
  '7d000000-0000-4000-8000-000000000001',
  '星澄地所 Demo 信義門店',
  'demo-hoshisumi-xinyi',
  '台北市',
  '信義區',
  '信義區 / 大安區 / 松山區',
  '單店展示：買賣、託租、代管',
  'Demo 門店用於商務展示與前台接線驗收。',
  '02-2700-0001',
  'demo-store@hoshisumi.test',
  '台北市信義區松智路 1 號',
  'https://line.me/ti/p/demo-hoshisumi',
  'Mon-Sun 10:00-19:00',
  'https://img.hoshisumi.test/demo/store-logo.png',
  'https://img.hoshisumi.test/demo/store-cover.jpg',
  true,
  'tw_bright_green',
  '{"hero_overlay_opacity":0.28}'::jsonb
)
on conflict (id) do update
set
  organization_id = excluded.organization_id,
  name = excluded.name,
  slug = excluded.slug,
  city = excluded.city,
  district = excluded.district,
  service_area_text = excluded.service_area_text,
  tagline = excluded.tagline,
  introduction = excluded.introduction,
  phone = excluded.phone,
  email = excluded.email,
  address = excluded.address,
  line_url = excluded.line_url,
  business_hours = excluded.business_hours,
  logo_url = excluded.logo_url,
  cover_image_url = excluded.cover_image_url,
  is_active = excluded.is_active,
  theme_key = excluded.theme_key,
  theme_overrides = excluded.theme_overrides,
  updated_at = now();

insert into public.store_domains (
  id,
  store_id,
  subdomain,
  custom_domain,
  is_primary,
  is_active
)
values (
  '7d800000-0000-4000-8000-000000000001',
  '7d100000-0000-4000-8000-000000000001',
  'demo-hoshisumi',
  null,
  true,
  true
)
on conflict (id) do update
set
  store_id = excluded.store_id,
  subdomain = excluded.subdomain,
  custom_domain = excluded.custom_domain,
  is_primary = excluded.is_primary,
  is_active = excluded.is_active,
  updated_at = now();

insert into public.agents (
  id,
  organization_id,
  store_id,
  name,
  role,
  is_active,
  slug,
  bio,
  service_area,
  avatar_url,
  phone_public,
  line_url,
  is_public
)
values
  (
    '7d200000-0000-4000-8000-000000000001',
    '7d000000-0000-4000-8000-000000000001',
    '7d100000-0000-4000-8000-000000000001',
    'Demo 日本投資顧問',
    'owner',
    true,
    'demo-jp-advisor',
    '專注日本收租與代管展示流程。',
    '東京 / 大阪',
    'https://img.hoshisumi.test/demo/agent-jp.jpg',
    '0900-111-001',
    'https://line.me/ti/p/demo-jp-advisor',
    true
  ),
  (
    '7d200000-0000-4000-8000-000000000002',
    '7d000000-0000-4000-8000-000000000001',
    '7d100000-0000-4000-8000-000000000001',
    'Demo 台灣買賣顧問',
    'manager',
    true,
    'demo-tw-consultant',
    '專注台灣買賣與店面導覽接待。',
    '台北市',
    'https://img.hoshisumi.test/demo/agent-tw.jpg',
    '0900-111-002',
    'https://line.me/ti/p/demo-tw-consultant',
    true
  )
on conflict (id) do update
set
  organization_id = excluded.organization_id,
  store_id = excluded.store_id,
  name = excluded.name,
  role = excluded.role,
  is_active = excluded.is_active,
  slug = excluded.slug,
  bio = excluded.bio,
  service_area = excluded.service_area,
  avatar_url = excluded.avatar_url,
  phone_public = excluded.phone_public,
  line_url = excluded.line_url,
  is_public = excluded.is_public,
  updated_at = now();

insert into public.properties (
  id,
  organization_id,
  owner_agent_id,
  title,
  title_zh,
  description,
  country,
  city,
  district,
  purpose,
  property_type,
  price,
  currency,
  area_sqm,
  layout,
  status,
  current_stage,
  source,
  source_type,
  source_ref,
  intake_status,
  raw_source_files_count,
  contact_store_id,
  cover_image_url,
  floorplan_image_url,
  gallery_urls,
  service_types,
  is_rental_enabled,
  is_management_enabled
)
values
  (
    '7d300000-0000-4000-8000-000000000001',
    '7d000000-0000-4000-8000-000000000001',
    '7d200000-0000-4000-8000-000000000002',
    '信義區三房景觀宅',
    '信義區三房景觀宅',
    'Demo sale listing。',
    'tw',
    '台北市',
    '信義區',
    'sale',
    'apartment',
    46800000,
    'TWD',
    39.8,
    '3LDK',
    'available',
    'sale_active',
    'manual',
    'manual',
    'demo-property-001',
    'ready_to_publish',
    0,
    '7d100000-0000-4000-8000-000000000001',
    'https://img.hoshisumi.test/demo/property-1-cover.jpg',
    'https://img.hoshisumi.test/demo/property-1-floorplan.jpg',
    '["https://img.hoshisumi.test/demo/property-1-a.jpg","https://img.hoshisumi.test/demo/property-1-b.jpg"]'::jsonb,
    '{sale}'::text[],
    false,
    false
  ),
  (
    '7d300000-0000-4000-8000-000000000002',
    '7d000000-0000-4000-8000-000000000001',
    '7d200000-0000-4000-8000-000000000001',
    '東京港區赤坂收租套房',
    '東京港區赤坂收租套房',
    'Demo rental listing。',
    'jp',
    '東京都',
    '港区',
    'rental',
    'apartment',
    35800000,
    'JPY',
    31.2,
    '1LDK',
    'available',
    'rental_listing',
    'manual',
    'manual',
    'demo-property-002',
    'ready_to_publish',
    0,
    '7d100000-0000-4000-8000-000000000001',
    'https://img.hoshisumi.test/demo/property-2-cover.jpg',
    'https://img.hoshisumi.test/demo/property-2-floorplan.jpg',
    '["https://img.hoshisumi.test/demo/property-2-a.jpg"]'::jsonb,
    '{rental}'::text[],
    true,
    false
  ),
  (
    '7d300000-0000-4000-8000-000000000003',
    '7d000000-0000-4000-8000-000000000001',
    '7d200000-0000-4000-8000-000000000001',
    '大阪中央區代管公寓',
    '大阪中央區代管公寓',
    'Demo management active unit。',
    'jp',
    '大阪府',
    '中央区',
    'management',
    'apartment',
    28800000,
    'JPY',
    28.0,
    '1DK',
    'available',
    'under_management',
    'manual',
    'manual',
    'demo-property-003',
    'assigned',
    0,
    '7d100000-0000-4000-8000-000000000001',
    'https://img.hoshisumi.test/demo/property-3-cover.jpg',
    null,
    '[]'::jsonb,
    '{management}'::text[],
    false,
    true
  ),
  (
    '7d300000-0000-4000-8000-000000000004',
    '7d000000-0000-4000-8000-000000000001',
    '7d200000-0000-4000-8000-000000000001',
    '新宿租賃轉售準備物件',
    '新宿租賃轉售準備物件',
    'Demo vacancy stage.',
    'jp',
    '東京都',
    '新宿区',
    'management',
    'apartment',
    39800000,
    'JPY',
    35.1,
    '2LDK',
    'negotiating',
    'vacancy',
    'manual',
    'csv_import',
    'demo-import-batch-01',
    'pending_review',
    1,
    '7d100000-0000-4000-8000-000000000001',
    'https://img.hoshisumi.test/demo/property-4-cover.jpg',
    null,
    '[]'::jsonb,
    '{management}'::text[],
    false,
    true
  ),
  (
    '7d300000-0000-4000-8000-000000000005',
    '7d000000-0000-4000-8000-000000000001',
    '7d200000-0000-4000-8000-000000000002',
    '大安區捷運旁兩房',
    '大安區捷運旁兩房',
    'Demo backup sale listing。',
    'tw',
    '台北市',
    '大安區',
    'sale',
    'apartment',
    32800000,
    'TWD',
    27.5,
    '2DK',
    'available',
    'sale_active',
    'manual',
    'manual',
    'demo-property-005',
    'ready_to_publish',
    0,
    '7d100000-0000-4000-8000-000000000001',
    'https://img.hoshisumi.test/demo/property-5-cover.jpg',
    null,
    '[]'::jsonb,
    '{sale}'::text[],
    false,
    false
  )
on conflict (id) do update
set
  organization_id = excluded.organization_id,
  owner_agent_id = excluded.owner_agent_id,
  title = excluded.title,
  title_zh = excluded.title_zh,
  description = excluded.description,
  country = excluded.country,
  city = excluded.city,
  district = excluded.district,
  purpose = excluded.purpose,
  property_type = excluded.property_type,
  price = excluded.price,
  currency = excluded.currency,
  area_sqm = excluded.area_sqm,
  layout = excluded.layout,
  status = excluded.status,
  current_stage = excluded.current_stage,
  source = excluded.source,
  source_type = excluded.source_type,
  source_ref = excluded.source_ref,
  intake_status = excluded.intake_status,
  raw_source_files_count = excluded.raw_source_files_count,
  contact_store_id = excluded.contact_store_id,
  cover_image_url = excluded.cover_image_url,
  floorplan_image_url = excluded.floorplan_image_url,
  gallery_urls = excluded.gallery_urls,
  service_types = excluded.service_types,
  is_rental_enabled = excluded.is_rental_enabled,
  is_management_enabled = excluded.is_management_enabled,
  updated_at = now();

insert into public.store_services (
  id,
  store_id,
  service_type,
  buy,
  sell,
  rental,
  management,
  consultation,
  title,
  description,
  is_enabled,
  sort_order
)
values
  (
    '7d400000-0000-4000-8000-000000000001',
    '7d100000-0000-4000-8000-000000000001',
    'buy',
    true,
    false,
    false,
    false,
    true,
    '買方諮詢服務',
    'Demo：需求訪談、物件推薦、跨國購置評估。',
    true,
    0
  ),
  (
    '7d400000-0000-4000-8000-000000000002',
    '7d100000-0000-4000-8000-000000000001',
    'rental',
    false,
    false,
    true,
    false,
    true,
    '託租服務',
    'Demo：上架、帶看、議價、出租進度追蹤。',
    true,
    1
  ),
  (
    '7d400000-0000-4000-8000-000000000003',
    '7d100000-0000-4000-8000-000000000001',
    'management',
    false,
    false,
    false,
    true,
    true,
    '代管服務',
    'Demo：租務管理、修繕紀錄、空置管理。',
    true,
    2
  )
on conflict (id) do update
set
  store_id = excluded.store_id,
  service_type = excluded.service_type,
  buy = excluded.buy,
  sell = excluded.sell,
  rental = excluded.rental,
  management = excluded.management,
  consultation = excluded.consultation,
  title = excluded.title,
  description = excluded.description,
  is_enabled = excluded.is_enabled,
  sort_order = excluded.sort_order,
  updated_at = now();

insert into public.store_property_publications (
  id,
  store_id,
  property_id,
  purpose,
  publication_type,
  featured,
  normal,
  is_public,
  display_order,
  published_at
)
values
  (
    '7d500000-0000-4000-8000-000000000001',
    '7d100000-0000-4000-8000-000000000001',
    '7d300000-0000-4000-8000-000000000001',
    'sale',
    'featured',
    true,
    false,
    true,
    0,
    now() - interval '10 days'
  ),
  (
    '7d500000-0000-4000-8000-000000000002',
    '7d100000-0000-4000-8000-000000000001',
    '7d300000-0000-4000-8000-000000000002',
    'rental',
    'featured',
    true,
    false,
    true,
    1,
    now() - interval '9 days'
  ),
  (
    '7d500000-0000-4000-8000-000000000003',
    '7d100000-0000-4000-8000-000000000001',
    '7d300000-0000-4000-8000-000000000003',
    'management',
    'normal',
    false,
    true,
    true,
    2,
    now() - interval '8 days'
  ),
  (
    '7d500000-0000-4000-8000-000000000004',
    '7d100000-0000-4000-8000-000000000001',
    '7d300000-0000-4000-8000-000000000004',
    'management',
    'normal',
    false,
    true,
    true,
    3,
    now() - interval '7 days'
  ),
  (
    '7d500000-0000-4000-8000-000000000005',
    '7d100000-0000-4000-8000-000000000001',
    '7d300000-0000-4000-8000-000000000005',
    'sale',
    'normal',
    false,
    true,
    true,
    4,
    now() - interval '6 days'
  )
on conflict (id) do update
set
  store_id = excluded.store_id,
  property_id = excluded.property_id,
  purpose = excluded.purpose,
  publication_type = excluded.publication_type,
  featured = excluded.featured,
  normal = excluded.normal,
  is_public = excluded.is_public,
  display_order = excluded.display_order,
  published_at = excluded.published_at,
  updated_at = now();

insert into public.leads (
  id,
  organization_id,
  store_id,
  agent_id,
  property_id,
  source_type,
  source_code,
  source_store_slug,
  source_agent_slug,
  name,
  customer_name,
  phone,
  email,
  line_id,
  preferred_contact_method,
  message,
  inquiry_message,
  status,
  notes,
  created_at,
  updated_at
)
values
  (
    '7d600000-0000-4000-8000-000000000001',
    '7d000000-0000-4000-8000-000000000001',
    '7d100000-0000-4000-8000-000000000001',
    '7d200000-0000-4000-8000-000000000001',
    '7d300000-0000-4000-8000-000000000002',
    'agent_page',
    'demo-qr-001',
    'demo-hoshisumi-xinyi',
    'demo-jp-advisor',
    '陳先生',
    '陳先生',
    '0911-100-001',
    'demo-lead-1@hoshisumi.test',
    null,
    'phone',
    '想了解東京收租套房投報。',
    '想了解東京收租套房投報。',
    'new',
    null,
    now() - interval '2 days',
    now() - interval '2 days'
  ),
  (
    '7d600000-0000-4000-8000-000000000002',
    '7d000000-0000-4000-8000-000000000001',
    '7d100000-0000-4000-8000-000000000001',
    '7d200000-0000-4000-8000-000000000002',
    '7d300000-0000-4000-8000-000000000001',
    'store_contact',
    null,
    'demo-hoshisumi-xinyi',
    null,
    '林小姐',
    '林小姐',
    '0911-100-002',
    'demo-lead-2@hoshisumi.test',
    null,
    'email',
    '想預約看屋。',
    '想預約看屋。',
    'contacted',
    '已電話回覆，安排週末帶看。',
    now() - interval '5 days',
    now() - interval '4 days'
  ),
  (
    '7d600000-0000-4000-8000-000000000003',
    '7d000000-0000-4000-8000-000000000001',
    '7d100000-0000-4000-8000-000000000001',
    '7d200000-0000-4000-8000-000000000001',
    '7d300000-0000-4000-8000-000000000003',
    'property_inquiry',
    null,
    'demo-hoshisumi-xinyi',
    'demo-jp-advisor',
    '王先生',
    '王先生',
    null,
    'demo-lead-3@hoshisumi.test',
    'line_demo_003',
    'line',
    '代管費用如何計算？',
    '代管費用如何計算？',
    'qualified',
    '可安排簽約討論。',
    now() - interval '8 days',
    now() - interval '6 days'
  ),
  (
    '7d600000-0000-4000-8000-000000000004',
    '7d000000-0000-4000-8000-000000000001',
    '7d100000-0000-4000-8000-000000000001',
    null,
    null,
    'direct',
    null,
    'demo-hoshisumi-xinyi',
    null,
    '高小姐',
    '高小姐',
    '0911-100-004',
    null,
    null,
    'phone',
    '想知道門店服務內容。',
    '想知道門店服務內容。',
    'closed',
    '完成說明，暫無後續需求。',
    now() - interval '12 days',
    now() - interval '10 days'
  ),
  (
    '7d600000-0000-4000-8000-000000000005',
    '7d000000-0000-4000-8000-000000000001',
    '7d100000-0000-4000-8000-000000000001',
    '7d200000-0000-4000-8000-000000000002',
    '7d300000-0000-4000-8000-000000000005',
    'qr',
    'demo-flyer-2026q1',
    'demo-hoshisumi-xinyi',
    'demo-tw-consultant',
    '張小姐',
    '張小姐',
    '0911-100-005',
    'demo-lead-5@hoshisumi.test',
    null,
    'phone',
    '預算不足，先了解流程。',
    '預算不足，先了解流程。',
    'lost',
    '需求不符合現有物件。',
    now() - interval '15 days',
    now() - interval '14 days'
  )
on conflict (id) do update
set
  organization_id = excluded.organization_id,
  store_id = excluded.store_id,
  agent_id = excluded.agent_id,
  property_id = excluded.property_id,
  source_type = excluded.source_type,
  source_code = excluded.source_code,
  source_store_slug = excluded.source_store_slug,
  source_agent_slug = excluded.source_agent_slug,
  name = excluded.name,
  customer_name = excluded.customer_name,
  phone = excluded.phone,
  email = excluded.email,
  line_id = excluded.line_id,
  preferred_contact_method = excluded.preferred_contact_method,
  message = excluded.message,
  inquiry_message = excluded.inquiry_message,
  status = excluded.status,
  notes = excluded.notes,
  updated_at = now();

insert into public.lead_events (
  id,
  lead_id,
  event_type,
  payload,
  created_at
)
values
  (
    '7d700000-0000-4000-8000-000000000001',
    '7d600000-0000-4000-8000-000000000001',
    'lead_created',
    '{"channel":"agent_page","demo":true}'::jsonb,
    now() - interval '2 days'
  ),
  (
    '7d700000-0000-4000-8000-000000000002',
    '7d600000-0000-4000-8000-000000000002',
    'lead_status_changed',
    '{"from":"new","to":"contacted","demo":true}'::jsonb,
    now() - interval '4 days'
  ),
  (
    '7d700000-0000-4000-8000-000000000003',
    '7d600000-0000-4000-8000-000000000003',
    'lead_note_updated',
    '{"note":"可安排簽約討論","demo":true}'::jsonb,
    now() - interval '6 days'
  )
on conflict (id) do update
set
  lead_id = excluded.lead_id,
  event_type = excluded.event_type,
  payload = excluded.payload,
  created_at = excluded.created_at;

commit;
